epid_year,epid_week,state,weekly_cases,cumulative_cases,source
2026,37,SELANGOR,758,29890,kkm_buletin
2026,37,JOHOR,438,11403,kkm_buletin
2026,37,WILAYAH PERSEKUTUAN,244,12021,kkm_buletin
2026,37,NEGERI SEMBILAN,154,4520,kkm_buletin
2026,37,PERAK,79,2167,kkm_buletin
2026,37,SABAH,77,4218,kkm_buletin
2026,37,KELANTAN,59,1614,kkm_buletin
2026,37,TERENGGANU,42,375,kkm_buletin
2026,37,SARAWAK,34,783,kkm_buletin
2026,37,PULAU PINANG,26,1101,kkm_buletin
2026,37,PAHANG,20,791,kkm_buletin
2026,37,MELAKA,17,595,kkm_buletin
2026,37,KEDAH,13,692,kkm_buletin
2026,37,PERLIS,4,178,kkm_buletin
2026,37,WILAYAH PERSEKUTUAN LABUAN,0,15,kkm_buletin
2026,37,MALAYSIA,1965,70363,kkm_buletin
