date,epid_year,epid_week,epid_week_label,state,daily_cases,cumulative_cases,cumulative_start_date,cumulative_end_date,scraped_at,data_source
2026-08-31,2026,35,ME 35/2026 (30/08 - 05/09),SELANGOR,94,27371,2026-01-04,2026-08-31,2026-09-01T16:24:25.902108,idengue_official
2026-08-31,2026,35,ME 35/2026 (30/08 - 05/09),WILAYAH PERSEKUTUAN,36,11109,2026-01-04,2026-08-31,2026-09-01T16:24:25.902108,idengue_official
2026-08-31,2026,35,ME 35/2026 (30/08 - 05/09),JOHOR,76,10014,2026-01-04,2026-08-31,2026-09-01T16:24:25.902108,idengue_official
2026-08-31,2026,35,ME 35/2026 (30/08 - 05/09),NEGERI SEMBILAN,13,4038,2026-01-04,2026-08-31,2026-09-01T16:24:25.902108,idengue_official
2026-08-31,2026,35,ME 35/2026 (30/08 - 05/09),SABAH,11,3951,2026-01-04,2026-08-31,2026-09-01T16:24:25.902108,idengue_official
2026-08-31,2026,35,ME 35/2026 (30/08 - 05/09),PERAK,0,1942,2026-01-04,2026-08-31,2026-09-01T16:24:25.902108,idengue_official
2026-08-31,2026,35,ME 35/2026 (30/08 - 05/09),KELANTAN,13,1416,2026-01-04,2026-08-31,2026-09-01T16:24:25.902108,idengue_official
2026-08-31,2026,35,ME 35/2026 (30/08 - 05/09),PULAU PINANG,4,998,2026-01-04,2026-08-31,2026-09-01T16:24:25.902108,idengue_official
2026-08-31,2026,35,ME 35/2026 (30/08 - 05/09),PAHANG,0,732,2026-01-04,2026-08-31,2026-09-01T16:24:25.902108,idengue_official
2026-08-31,2026,35,ME 35/2026 (30/08 - 05/09),SARAWAK,4,696,2026-01-04,2026-08-31,2026-09-01T16:24:25.902108,idengue_official
2026-08-31,2026,35,ME 35/2026 (30/08 - 05/09),KEDAH,2,655,2026-01-04,2026-08-31,2026-09-01T16:24:25.902108,idengue_official
2026-08-31,2026,35,ME 35/2026 (30/08 - 05/09),MELAKA,4,527,2026-01-04,2026-08-31,2026-09-01T16:24:25.902108,idengue_official
2026-08-31,2026,35,ME 35/2026 (30/08 - 05/09),TERENGGANU,3,266,2026-01-04,2026-08-31,2026-09-01T16:24:25.902108,idengue_official
2026-08-31,2026,35,ME 35/2026 (30/08 - 05/09),PERLIS,0,172,2026-01-04,2026-08-31,2026-09-01T16:24:25.902108,idengue_official
2026-08-31,2026,35,ME 35/2026 (30/08 - 05/09),WILAYAH PERSEKUTUAN LABUAN,0,15,2026-01-04,2026-08-31,2026-09-01T16:24:25.902108,idengue_official
2026-08-31,2026,35,ME 35/2026 (30/08 - 05/09),MALAYSIA,260,63902,2026-01-04,2026-08-31,2026-09-01T16:24:25.902108,idengue_official
2026-09-01,2026,35,ME 35/2026 (30/08 - 05/09),SELANGOR,98,27469,2026-01-04,2026-09-01,2026-09-02T11:39:22.034735+08:00,idengue_official
2026-09-01,2026,35,ME 35/2026 (30/08 - 05/09),WILAYAH PERSEKUTUAN,45,11154,2026-01-04,2026-09-01,2026-09-02T11:39:22.034735+08:00,idengue_official
2026-09-01,2026,35,ME 35/2026 (30/08 - 05/09),JOHOR,71,10085,2026-01-04,2026-09-01,2026-09-02T11:39:22.034735+08:00,idengue_official
2026-09-01,2026,35,ME 35/2026 (30/08 - 05/09),NEGERI SEMBILAN,14,4052,2026-01-04,2026-09-01,2026-09-02T11:39:22.034735+08:00,idengue_official
2026-09-01,2026,35,ME 35/2026 (30/08 - 05/09),SABAH,18,3969,2026-01-04,2026-09-01,2026-09-02T11:39:22.034735+08:00,idengue_official
2026-09-01,2026,35,ME 35/2026 (30/08 - 05/09),PERAK,12,1954,2026-01-04,2026-09-01,2026-09-02T11:39:22.034735+08:00,idengue_official
2026-09-01,2026,35,ME 35/2026 (30/08 - 05/09),KELANTAN,5,1421,2026-01-04,2026-09-01,2026-09-02T11:39:22.034735+08:00,idengue_official
2026-09-01,2026,35,ME 35/2026 (30/08 - 05/09),PULAU PINANG,6,1004,2026-01-04,2026-09-01,2026-09-02T11:39:22.034735+08:00,idengue_official
2026-09-01,2026,35,ME 35/2026 (30/08 - 05/09),PAHANG,3,735,2026-01-04,2026-09-01,2026-09-02T11:39:22.034735+08:00,idengue_official
2026-09-01,2026,35,ME 35/2026 (30/08 - 05/09),SARAWAK,3,699,2026-01-04,2026-09-01,2026-09-02T11:39:22.034735+08:00,idengue_official
2026-09-01,2026,35,ME 35/2026 (30/08 - 05/09),KEDAH,0,655,2026-01-04,2026-09-01,2026-09-02T11:39:22.034735+08:00,idengue_official
2026-09-01,2026,35,ME 35/2026 (30/08 - 05/09),MELAKA,2,529,2026-01-04,2026-09-01,2026-09-02T11:39:22.034735+08:00,idengue_official
2026-09-01,2026,35,ME 35/2026 (30/08 - 05/09),TERENGGANU,4,270,2026-01-04,2026-09-01,2026-09-02T11:39:22.034735+08:00,idengue_official
2026-09-01,2026,35,ME 35/2026 (30/08 - 05/09),PERLIS,2,174,2026-01-04,2026-09-01,2026-09-02T11:39:22.034735+08:00,idengue_official
2026-09-01,2026,35,ME 35/2026 (30/08 - 05/09),WILAYAH PERSEKUTUAN LABUAN,0,15,2026-01-04,2026-09-01,2026-09-02T11:39:22.034735+08:00,idengue_official
2026-09-01,2026,35,ME 35/2026 (30/08 - 05/09),MALAYSIA,283,64185,2026-01-04,2026-09-01,2026-09-02T11:39:22.034735+08:00,idengue_official
2026-09-02,2026,35,ME 35/2026 (30/08 - 05/09),SELANGOR,112,27581,2026-01-04,2026-09-02,2026-09-03T12:24:52.885132+08:00,idengue_official
2026-09-02,2026,35,ME 35/2026 (30/08 - 05/09),WILAYAH PERSEKUTUAN,65,11219,2026-01-04,2026-09-02,2026-09-03T12:24:52.885132+08:00,idengue_official
2026-09-02,2026,35,ME 35/2026 (30/08 - 05/09),JOHOR,64,10149,2026-01-04,2026-09-02,2026-09-03T12:24:52.885132+08:00,idengue_official
2026-09-02,2026,35,ME 35/2026 (30/08 - 05/09),NEGERI SEMBILAN,30,4082,2026-01-04,2026-09-02,2026-09-03T12:24:52.885132+08:00,idengue_official
2026-09-02,2026,35,ME 35/2026 (30/08 - 05/09),SABAH,20,3989,2026-01-04,2026-09-02,2026-09-03T12:24:52.885132+08:00,idengue_official
2026-09-02,2026,35,ME 35/2026 (30/08 - 05/09),PERAK,19,1973,2026-01-04,2026-09-02,2026-09-03T12:24:52.885132+08:00,idengue_official
2026-09-02,2026,35,ME 35/2026 (30/08 - 05/09),KELANTAN,16,1437,2026-01-04,2026-09-02,2026-09-03T12:24:52.885132+08:00,idengue_official
2026-09-02,2026,35,ME 35/2026 (30/08 - 05/09),PULAU PINANG,5,1009,2026-01-04,2026-09-02,2026-09-03T12:24:52.885132+08:00,idengue_official
2026-09-02,2026,35,ME 35/2026 (30/08 - 05/09),PAHANG,10,745,2026-01-04,2026-09-02,2026-09-03T12:24:52.885132+08:00,idengue_official
2026-09-02,2026,35,ME 35/2026 (30/08 - 05/09),SARAWAK,7,706,2026-01-04,2026-09-02,2026-09-03T12:24:52.885132+08:00,idengue_official
2026-09-02,2026,35,ME 35/2026 (30/08 - 05/09),KEDAH,3,658,2026-01-04,2026-09-02,2026-09-03T12:24:52.885132+08:00,idengue_official
2026-09-02,2026,35,ME 35/2026 (30/08 - 05/09),MELAKA,4,533,2026-01-04,2026-09-02,2026-09-03T12:24:52.885132+08:00,idengue_official
2026-09-02,2026,35,ME 35/2026 (30/08 - 05/09),TERENGGANU,3,273,2026-01-04,2026-09-02,2026-09-03T12:24:52.885132+08:00,idengue_official
2026-09-02,2026,35,ME 35/2026 (30/08 - 05/09),PERLIS,0,174,2026-01-04,2026-09-02,2026-09-03T12:24:52.885132+08:00,idengue_official
2026-09-02,2026,35,ME 35/2026 (30/08 - 05/09),WILAYAH PERSEKUTUAN LABUAN,0,15,2026-01-04,2026-09-02,2026-09-03T12:24:52.885132+08:00,idengue_official
2026-09-02,2026,35,ME 35/2026 (30/08 - 05/09),MALAYSIA,358,64543,2026-01-04,2026-09-02,2026-09-03T12:24:52.885132+08:00,idengue_official
2026-09-03,2026,35,ME 35/2026 (30/08 - 05/09),SELANGOR,124,27705,2026-01-04,2026-09-03,2026-09-04T12:33:05.331877+08:00,idengue_official
2026-09-03,2026,35,ME 35/2026 (30/08 - 05/09),WILAYAH PERSEKUTUAN,57,11276,2026-01-04,2026-09-03,2026-09-04T12:33:05.331877+08:00,idengue_official
2026-09-03,2026,35,ME 35/2026 (30/08 - 05/09),JOHOR,79,10228,2026-01-04,2026-09-03,2026-09-04T12:33:05.331877+08:00,idengue_official
2026-09-03,2026,35,ME 35/2026 (30/08 - 05/09),NEGERI SEMBILAN,22,4104,2026-01-04,2026-09-03,2026-09-04T12:33:05.331877+08:00,idengue_official
2026-09-03,2026,35,ME 35/2026 (30/08 - 05/09),SABAH,19,4008,2026-01-04,2026-09-03,2026-09-04T12:33:05.331877+08:00,idengue_official
2026-09-03,2026,35,ME 35/2026 (30/08 - 05/09),PERAK,11,1984,2026-01-04,2026-09-03,2026-09-04T12:33:05.331877+08:00,idengue_official
2026-09-03,2026,35,ME 35/2026 (30/08 - 05/09),KELANTAN,4,1441,2026-01-04,2026-09-03,2026-09-04T12:33:05.331877+08:00,idengue_official
2026-09-03,2026,35,ME 35/2026 (30/08 - 05/09),PULAU PINANG,7,1016,2026-01-04,2026-09-03,2026-09-04T12:33:05.331877+08:00,idengue_official
2026-09-03,2026,35,ME 35/2026 (30/08 - 05/09),PAHANG,6,751,2026-01-04,2026-09-03,2026-09-04T12:33:05.331877+08:00,idengue_official
2026-09-03,2026,35,ME 35/2026 (30/08 - 05/09),SARAWAK,4,710,2026-01-04,2026-09-03,2026-09-04T12:33:05.331877+08:00,idengue_official
2026-09-03,2026,35,ME 35/2026 (30/08 - 05/09),KEDAH,0,658,2026-01-04,2026-09-03,2026-09-04T12:33:05.331877+08:00,idengue_official
2026-09-03,2026,35,ME 35/2026 (30/08 - 05/09),MELAKA,1,534,2026-01-04,2026-09-03,2026-09-04T12:33:05.331877+08:00,idengue_official
2026-09-03,2026,35,ME 35/2026 (30/08 - 05/09),TERENGGANU,5,278,2026-01-04,2026-09-03,2026-09-04T12:33:05.331877+08:00,idengue_official
2026-09-03,2026,35,ME 35/2026 (30/08 - 05/09),PERLIS,0,174,2026-01-04,2026-09-03,2026-09-04T12:33:05.331877+08:00,idengue_official
2026-09-03,2026,35,ME 35/2026 (30/08 - 05/09),WILAYAH PERSEKUTUAN LABUAN,0,15,2026-01-04,2026-09-03,2026-09-04T12:33:05.331877+08:00,idengue_official
2026-09-03,2026,35,ME 35/2026 (30/08 - 05/09),MALAYSIA,339,64882,2026-01-04,2026-09-03,2026-09-04T12:33:05.331877+08:00,idengue_official
2026-09-04,2026,35,ME 35/2026 (30/08 - 05/09),SELANGOR,142,27847,2026-01-04,2026-09-04,2026-09-05T12:28:48.696961+08:00,idengue_official
2026-09-04,2026,35,ME 35/2026 (30/08 - 05/09),WILAYAH PERSEKUTUAN,52,11328,2026-01-04,2026-09-04,2026-09-05T12:28:48.696961+08:00,idengue_official
2026-09-04,2026,35,ME 35/2026 (30/08 - 05/09),JOHOR,89,10317,2026-01-04,2026-09-04,2026-09-05T12:28:48.696961+08:00,idengue_official
2026-09-04,2026,35,ME 35/2026 (30/08 - 05/09),NEGERI SEMBILAN,27,4131,2026-01-04,2026-09-04,2026-09-05T12:28:48.696961+08:00,idengue_official
2026-09-04,2026,35,ME 35/2026 (30/08 - 05/09),SABAH,15,4023,2026-01-04,2026-09-04,2026-09-05T12:28:48.696961+08:00,idengue_official
2026-09-04,2026,35,ME 35/2026 (30/08 - 05/09),PERAK,9,1993,2026-01-04,2026-09-04,2026-09-05T12:28:48.696961+08:00,idengue_official
2026-09-04,2026,35,ME 35/2026 (30/08 - 05/09),KELANTAN,7,1448,2026-01-04,2026-09-04,2026-09-05T12:28:48.696961+08:00,idengue_official
2026-09-04,2026,35,ME 35/2026 (30/08 - 05/09),PULAU PINANG,5,1021,2026-01-04,2026-09-04,2026-09-05T12:28:48.696961+08:00,idengue_official
2026-09-04,2026,35,ME 35/2026 (30/08 - 05/09),PAHANG,1,752,2026-01-04,2026-09-04,2026-09-05T12:28:48.696961+08:00,idengue_official
2026-09-04,2026,35,ME 35/2026 (30/08 - 05/09),SARAWAK,3,713,2026-01-04,2026-09-04,2026-09-05T12:28:48.696961+08:00,idengue_official
2026-09-04,2026,35,ME 35/2026 (30/08 - 05/09),KEDAH,2,660,2026-01-04,2026-09-04,2026-09-05T12:28:48.696961+08:00,idengue_official
2026-09-04,2026,35,ME 35/2026 (30/08 - 05/09),MELAKA,8,542,2026-01-04,2026-09-04,2026-09-05T12:28:48.696961+08:00,idengue_official
2026-09-04,2026,35,ME 35/2026 (30/08 - 05/09),TERENGGANU,4,282,2026-01-04,2026-09-04,2026-09-05T12:28:48.696961+08:00,idengue_official
2026-09-04,2026,35,ME 35/2026 (30/08 - 05/09),PERLIS,0,174,2026-01-04,2026-09-04,2026-09-05T12:28:48.696961+08:00,idengue_official
2026-09-04,2026,35,ME 35/2026 (30/08 - 05/09),WILAYAH PERSEKUTUAN LABUAN,0,15,2026-01-04,2026-09-04,2026-09-05T12:28:48.696961+08:00,idengue_official
2026-09-04,2026,35,ME 35/2026 (30/08 - 05/09),MALAYSIA,364,65246,2026-01-04,2026-09-04,2026-09-05T12:28:48.696961+08:00,idengue_official
2026-09-05,2026,35,ME 35/2026 (30/08 - 05/09),SELANGOR,132,27979,2026-01-04,2026-09-05,2026-09-06T12:38:23.735546+08:00,idengue_official
2026-09-05,2026,35,ME 35/2026 (30/08 - 05/09),WILAYAH PERSEKUTUAN,42,11370,2026-01-04,2026-09-05,2026-09-06T12:38:23.735546+08:00,idengue_official
2026-09-05,2026,35,ME 35/2026 (30/08 - 05/09),JOHOR,87,10404,2026-01-04,2026-09-05,2026-09-06T12:38:23.735546+08:00,idengue_official
2026-09-05,2026,35,ME 35/2026 (30/08 - 05/09),NEGERI SEMBILAN,28,4159,2026-01-04,2026-09-05,2026-09-06T12:38:23.735546+08:00,idengue_official
2026-09-05,2026,35,ME 35/2026 (30/08 - 05/09),SABAH,11,4034,2026-01-04,2026-09-05,2026-09-06T12:38:23.735546+08:00,idengue_official
2026-09-05,2026,35,ME 35/2026 (30/08 - 05/09),PERAK,14,2007,2026-01-04,2026-09-05,2026-09-06T12:38:23.735546+08:00,idengue_official
2026-09-05,2026,35,ME 35/2026 (30/08 - 05/09),KELANTAN,1,1449,2026-01-04,2026-09-05,2026-09-06T12:38:23.735546+08:00,idengue_official
2026-09-05,2026,35,ME 35/2026 (30/08 - 05/09),PULAU PINANG,7,1028,2026-01-04,2026-09-05,2026-09-06T12:38:23.735546+08:00,idengue_official
2026-09-05,2026,35,ME 35/2026 (30/08 - 05/09),PAHANG,5,757,2026-01-04,2026-09-05,2026-09-06T12:38:23.735546+08:00,idengue_official
2026-09-05,2026,35,ME 35/2026 (30/08 - 05/09),SARAWAK,6,719,2026-01-04,2026-09-05,2026-09-06T12:38:23.735546+08:00,idengue_official
2026-09-05,2026,35,ME 35/2026 (30/08 - 05/09),KEDAH,2,662,2026-01-04,2026-09-05,2026-09-06T12:38:23.735546+08:00,idengue_official
2026-09-05,2026,35,ME 35/2026 (30/08 - 05/09),MELAKA,4,546,2026-01-04,2026-09-05,2026-09-06T12:38:23.735546+08:00,idengue_official
2026-09-05,2026,35,ME 35/2026 (30/08 - 05/09),TERENGGANU,3,285,2026-01-04,2026-09-05,2026-09-06T12:38:23.735546+08:00,idengue_official
2026-09-05,2026,35,ME 35/2026 (30/08 - 05/09),PERLIS,0,174,2026-01-04,2026-09-05,2026-09-06T12:38:23.735546+08:00,idengue_official
2026-09-05,2026,35,ME 35/2026 (30/08 - 05/09),WILAYAH PERSEKUTUAN LABUAN,0,15,2026-01-04,2026-09-05,2026-09-06T12:38:23.735546+08:00,idengue_official
2026-09-05,2026,35,ME 35/2026 (30/08 - 05/09),MALAYSIA,342,65588,2026-01-04,2026-09-05,2026-09-06T12:38:23.735546+08:00,idengue_official
2026-09-06,2026,36,ME 36/2026 (06/09 - 12/09),SELANGOR,124,28103,2026-01-04,2026-09-06,2026-09-07T12:40:58.177697+08:00,idengue_official
2026-09-06,2026,36,ME 36/2026 (06/09 - 12/09),WILAYAH PERSEKUTUAN,37,11407,2026-01-04,2026-09-06,2026-09-07T12:40:58.177697+08:00,idengue_official
2026-09-06,2026,36,ME 36/2026 (06/09 - 12/09),JOHOR,60,10464,2026-01-04,2026-09-06,2026-09-07T12:40:58.177697+08:00,idengue_official
2026-09-06,2026,36,ME 36/2026 (06/09 - 12/09),NEGERI SEMBILAN,14,4173,2026-01-04,2026-09-06,2026-09-07T12:40:58.177697+08:00,idengue_official
2026-09-06,2026,36,ME 36/2026 (06/09 - 12/09),SABAH,3,4037,2026-01-04,2026-09-06,2026-09-07T12:40:58.177697+08:00,idengue_official
2026-09-06,2026,36,ME 36/2026 (06/09 - 12/09),PERAK,15,2022,2026-01-04,2026-09-06,2026-09-07T12:40:58.177697+08:00,idengue_official
2026-09-06,2026,36,ME 36/2026 (06/09 - 12/09),KELANTAN,6,1455,2026-01-04,2026-09-06,2026-09-07T12:40:58.177697+08:00,idengue_official
2026-09-06,2026,36,ME 36/2026 (06/09 - 12/09),PULAU PINANG,1,1029,2026-01-04,2026-09-06,2026-09-07T12:40:58.177697+08:00,idengue_official
2026-09-06,2026,36,ME 36/2026 (06/09 - 12/09),PAHANG,0,757,2026-01-04,2026-09-06,2026-09-07T12:40:58.177697+08:00,idengue_official
2026-09-06,2026,36,ME 36/2026 (06/09 - 12/09),SARAWAK,1,720,2026-01-04,2026-09-06,2026-09-07T12:40:58.177697+08:00,idengue_official
2026-09-06,2026,36,ME 36/2026 (06/09 - 12/09),KEDAH,1,663,2026-01-04,2026-09-06,2026-09-07T12:40:58.177697+08:00,idengue_official
2026-09-06,2026,36,ME 36/2026 (06/09 - 12/09),MELAKA,0,546,2026-01-04,2026-09-06,2026-09-07T12:40:58.177697+08:00,idengue_official
2026-09-06,2026,36,ME 36/2026 (06/09 - 12/09),TERENGGANU,5,290,2026-01-04,2026-09-06,2026-09-07T12:40:58.177697+08:00,idengue_official
2026-09-06,2026,36,ME 36/2026 (06/09 - 12/09),PERLIS,0,174,2026-01-04,2026-09-06,2026-09-07T12:40:58.177697+08:00,idengue_official
2026-09-06,2026,36,ME 36/2026 (06/09 - 12/09),WILAYAH PERSEKUTUAN LABUAN,0,15,2026-01-04,2026-09-06,2026-09-07T12:40:58.177697+08:00,idengue_official
2026-09-06,2026,36,ME 36/2026 (06/09 - 12/09),MALAYSIA,267,65855,2026-01-04,2026-09-06,2026-09-07T12:40:58.177697+08:00,idengue_official
2026-09-07,2026,36,ME 36/2026 (06/09 - 12/09),SELANGOR,130,28233,2026-01-04,2026-09-07,2026-09-08T12:35:23.107233+08:00,idengue_official
2026-09-07,2026,36,ME 36/2026 (06/09 - 12/09),WILAYAH PERSEKUTUAN,42,11449,2026-01-04,2026-09-07,2026-09-08T12:35:23.107233+08:00,idengue_official
2026-09-07,2026,36,ME 36/2026 (06/09 - 12/09),JOHOR,60,10524,2026-01-04,2026-09-07,2026-09-08T12:35:23.107233+08:00,idengue_official
2026-09-07,2026,36,ME 36/2026 (06/09 - 12/09),NEGERI SEMBILAN,24,4197,2026-01-04,2026-09-07,2026-09-08T12:35:23.107233+08:00,idengue_official
2026-09-07,2026,36,ME 36/2026 (06/09 - 12/09),SABAH,14,4051,2026-01-04,2026-09-07,2026-09-08T12:35:23.107233+08:00,idengue_official
2026-09-07,2026,36,ME 36/2026 (06/09 - 12/09),PERAK,11,2033,2026-01-04,2026-09-07,2026-09-08T12:35:23.107233+08:00,idengue_official
2026-09-07,2026,36,ME 36/2026 (06/09 - 12/09),KELANTAN,20,1475,2026-01-04,2026-09-07,2026-09-08T12:35:23.107233+08:00,idengue_official
2026-09-07,2026,36,ME 36/2026 (06/09 - 12/09),PULAU PINANG,9,1038,2026-01-04,2026-09-07,2026-09-08T12:35:23.107233+08:00,idengue_official
2026-09-07,2026,36,ME 36/2026 (06/09 - 12/09),PAHANG,0,757,2026-01-04,2026-09-07,2026-09-08T12:35:23.107233+08:00,idengue_official
2026-09-07,2026,36,ME 36/2026 (06/09 - 12/09),SARAWAK,3,723,2026-01-04,2026-09-07,2026-09-08T12:35:23.107233+08:00,idengue_official
2026-09-07,2026,36,ME 36/2026 (06/09 - 12/09),KEDAH,4,667,2026-01-04,2026-09-07,2026-09-08T12:35:23.107233+08:00,idengue_official
2026-09-07,2026,36,ME 36/2026 (06/09 - 12/09),MELAKA,2,548,2026-01-04,2026-09-07,2026-09-08T12:35:23.107233+08:00,idengue_official
2026-09-07,2026,36,ME 36/2026 (06/09 - 12/09),TERENGGANU,7,297,2026-01-04,2026-09-07,2026-09-08T12:35:23.107233+08:00,idengue_official
2026-09-07,2026,36,ME 36/2026 (06/09 - 12/09),PERLIS,0,174,2026-01-04,2026-09-07,2026-09-08T12:35:23.107233+08:00,idengue_official
2026-09-07,2026,36,ME 36/2026 (06/09 - 12/09),WILAYAH PERSEKUTUAN LABUAN,0,15,2026-01-04,2026-09-07,2026-09-08T12:35:23.107233+08:00,idengue_official
2026-09-07,2026,36,ME 36/2026 (06/09 - 12/09),MALAYSIA,326,66181,2026-01-04,2026-09-07,2026-09-08T12:35:23.107233+08:00,idengue_official
2026-09-08,2026,36,ME 36/2026 (06/09 - 12/09),SELANGOR,348,28539,2026-01-04,2026-09-08,2026-09-09T12:41:42.879464+08:00,idengue_official
2026-09-08,2026,36,ME 36/2026 (06/09 - 12/09),WILAYAH PERSEKUTUAN,98,11569,2026-01-04,2026-09-08,2026-09-09T12:41:42.879464+08:00,idengue_official
2026-09-08,2026,36,ME 36/2026 (06/09 - 12/09),JOHOR,127,10686,2026-01-04,2026-09-08,2026-09-09T12:41:42.879464+08:00,idengue_official
2026-09-08,2026,36,ME 36/2026 (06/09 - 12/09),NEGERI SEMBILAN,77,4272,2026-01-04,2026-09-08,2026-09-09T12:41:42.879464+08:00,idengue_official
2026-09-08,2026,36,ME 36/2026 (06/09 - 12/09),SABAH,30,4071,2026-01-04,2026-09-08,2026-09-09T12:41:42.879464+08:00,idengue_official
2026-09-08,2026,36,ME 36/2026 (06/09 - 12/09),PERAK,26,2052,2026-01-04,2026-09-08,2026-09-09T12:41:42.879464+08:00,idengue_official
2026-09-08,2026,36,ME 36/2026 (06/09 - 12/09),KELANTAN,16,1497,2026-01-04,2026-09-08,2026-09-09T12:41:42.879464+08:00,idengue_official
2026-09-08,2026,36,ME 36/2026 (06/09 - 12/09),PULAU PINANG,12,1050,2026-01-04,2026-09-08,2026-09-09T12:41:42.879464+08:00,idengue_official
2026-09-08,2026,36,ME 36/2026 (06/09 - 12/09),PAHANG,8,761,2026-01-04,2026-09-08,2026-09-09T12:41:42.879464+08:00,idengue_official
2026-09-08,2026,36,ME 36/2026 (06/09 - 12/09),SARAWAK,6,728,2026-01-04,2026-09-08,2026-09-09T12:41:42.879464+08:00,idengue_official
2026-09-08,2026,36,ME 36/2026 (06/09 - 12/09),KEDAH,6,673,2026-01-04,2026-09-08,2026-09-09T12:41:42.879464+08:00,idengue_official
2026-09-08,2026,36,ME 36/2026 (06/09 - 12/09),MELAKA,8,554,2026-01-04,2026-09-08,2026-09-09T12:41:42.879464+08:00,idengue_official
2026-09-08,2026,36,ME 36/2026 (06/09 - 12/09),TERENGGANU,14,310,2026-01-04,2026-09-08,2026-09-09T12:41:42.879464+08:00,idengue_official
2026-09-08,2026,36,ME 36/2026 (06/09 - 12/09),PERLIS,0,174,2026-01-04,2026-09-08,2026-09-09T12:41:42.879464+08:00,idengue_official
2026-09-08,2026,36,ME 36/2026 (06/09 - 12/09),WILAYAH PERSEKUTUAN LABUAN,0,15,2026-01-04,2026-09-08,2026-09-09T12:41:42.879464+08:00,idengue_official
2026-09-08,2026,36,ME 36/2026 (06/09 - 12/09),MALAYSIA,776,66951,2026-01-04,2026-09-08,2026-09-09T12:41:42.879464+08:00,idengue_official
2026-09-09,2026,36,ME 36/2026 (06/09 - 12/09),SELANGOR,197,28736,2026-01-04,2026-09-09,2026-09-10T12:42:15.897253+08:00,idengue_official
2026-09-09,2026,36,ME 36/2026 (06/09 - 12/09),WILAYAH PERSEKUTUAN,50,11619,2026-01-04,2026-09-09,2026-09-10T12:42:15.897253+08:00,idengue_official
2026-09-09,2026,36,ME 36/2026 (06/09 - 12/09),JOHOR,74,10760,2026-01-04,2026-09-09,2026-09-10T12:42:15.897253+08:00,idengue_official
2026-09-09,2026,36,ME 36/2026 (06/09 - 12/09),NEGERI SEMBILAN,25,4297,2026-01-04,2026-09-09,2026-09-10T12:42:15.897253+08:00,idengue_official
2026-09-09,2026,36,ME 36/2026 (06/09 - 12/09),SABAH,20,4091,2026-01-04,2026-09-09,2026-09-10T12:42:15.897253+08:00,idengue_official
2026-09-09,2026,36,ME 36/2026 (06/09 - 12/09),PERAK,8,2060,2026-01-04,2026-09-09,2026-09-10T12:42:15.897253+08:00,idengue_official
2026-09-09,2026,36,ME 36/2026 (06/09 - 12/09),KELANTAN,21,1518,2026-01-04,2026-09-09,2026-09-10T12:42:15.897253+08:00,idengue_official
2026-09-09,2026,36,ME 36/2026 (06/09 - 12/09),PULAU PINANG,8,1058,2026-01-04,2026-09-09,2026-09-10T12:42:15.897253+08:00,idengue_official
2026-09-09,2026,36,ME 36/2026 (06/09 - 12/09),PAHANG,2,763,2026-01-04,2026-09-09,2026-09-10T12:42:15.897253+08:00,idengue_official
2026-09-09,2026,36,ME 36/2026 (06/09 - 12/09),SARAWAK,7,735,2026-01-04,2026-09-09,2026-09-10T12:42:15.897253+08:00,idengue_official
2026-09-09,2026,36,ME 36/2026 (06/09 - 12/09),KEDAH,3,676,2026-01-04,2026-09-09,2026-09-10T12:42:15.897253+08:00,idengue_official
2026-09-09,2026,36,ME 36/2026 (06/09 - 12/09),MELAKA,10,564,2026-01-04,2026-09-09,2026-09-10T12:42:15.897253+08:00,idengue_official
2026-09-09,2026,36,ME 36/2026 (06/09 - 12/09),TERENGGANU,3,313,2026-01-04,2026-09-09,2026-09-10T12:42:15.897253+08:00,idengue_official
2026-09-09,2026,36,ME 36/2026 (06/09 - 12/09),PERLIS,1,175,2026-01-04,2026-09-09,2026-09-10T12:42:15.897253+08:00,idengue_official
2026-09-09,2026,36,ME 36/2026 (06/09 - 12/09),WILAYAH PERSEKUTUAN LABUAN,0,15,2026-01-04,2026-09-09,2026-09-10T12:42:15.897253+08:00,idengue_official
2026-09-09,2026,36,ME 36/2026 (06/09 - 12/09),MALAYSIA,429,67380,2026-01-04,2026-09-09,2026-09-10T12:42:15.897253+08:00,idengue_official
2026-09-10,2026,36,ME 36/2026 (06/09 - 12/09),SELANGOR,157,28893,2026-01-04,2026-09-10,2026-09-11T12:39:59.861450+08:00,idengue_official
2026-09-10,2026,36,ME 36/2026 (06/09 - 12/09),WILAYAH PERSEKUTUAN,41,11660,2026-01-04,2026-09-10,2026-09-11T12:39:59.861450+08:00,idengue_official
2026-09-10,2026,36,ME 36/2026 (06/09 - 12/09),JOHOR,70,10830,2026-01-04,2026-09-10,2026-09-11T12:39:59.861450+08:00,idengue_official
2026-09-10,2026,36,ME 36/2026 (06/09 - 12/09),NEGERI SEMBILAN,26,4323,2026-01-04,2026-09-10,2026-09-11T12:39:59.861450+08:00,idengue_official
2026-09-10,2026,36,ME 36/2026 (06/09 - 12/09),SABAH,21,4112,2026-01-04,2026-09-10,2026-09-11T12:39:59.861450+08:00,idengue_official
2026-09-10,2026,36,ME 36/2026 (06/09 - 12/09),PERAK,14,2074,2026-01-04,2026-09-10,2026-09-11T12:39:59.861450+08:00,idengue_official
2026-09-10,2026,36,ME 36/2026 (06/09 - 12/09),KELANTAN,20,1538,2026-01-04,2026-09-10,2026-09-11T12:39:59.861450+08:00,idengue_official
2026-09-10,2026,36,ME 36/2026 (06/09 - 12/09),PULAU PINANG,5,1063,2026-01-04,2026-09-10,2026-09-11T12:39:59.861450+08:00,idengue_official
2026-09-10,2026,36,ME 36/2026 (06/09 - 12/09),PAHANG,3,766,2026-01-04,2026-09-10,2026-09-11T12:39:59.861450+08:00,idengue_official
2026-09-10,2026,36,ME 36/2026 (06/09 - 12/09),SARAWAK,4,739,2026-01-04,2026-09-10,2026-09-11T12:39:59.861450+08:00,idengue_official
2026-09-10,2026,36,ME 36/2026 (06/09 - 12/09),KEDAH,3,679,2026-01-04,2026-09-10,2026-09-11T12:39:59.861450+08:00,idengue_official
2026-09-10,2026,36,ME 36/2026 (06/09 - 12/09),MELAKA,5,569,2026-01-04,2026-09-10,2026-09-11T12:39:59.861450+08:00,idengue_official
2026-09-10,2026,36,ME 36/2026 (06/09 - 12/09),TERENGGANU,9,322,2026-01-04,2026-09-10,2026-09-11T12:39:59.861450+08:00,idengue_official
2026-09-10,2026,36,ME 36/2026 (06/09 - 12/09),PERLIS,0,175,2026-01-04,2026-09-10,2026-09-11T12:39:59.861450+08:00,idengue_official
2026-09-10,2026,36,ME 36/2026 (06/09 - 12/09),WILAYAH PERSEKUTUAN LABUAN,0,15,2026-01-04,2026-09-10,2026-09-11T12:39:59.861450+08:00,idengue_official
2026-09-10,2026,36,ME 36/2026 (06/09 - 12/09),MALAYSIA,378,67758,2026-01-04,2026-09-10,2026-09-11T12:39:59.861450+08:00,idengue_official
2026-09-11,2026,36,ME 36/2026 (06/09 - 12/09),SELANGOR,0,28893,2026-01-04,2026-09-11,2026-09-13T12:47:03.888684+08:00,retrospective_calculation
2026-09-11,2026,36,ME 36/2026 (06/09 - 12/09),WILAYAH PERSEKUTUAN,0,11660,2026-01-04,2026-09-11,2026-09-13T12:47:03.888684+08:00,retrospective_calculation
2026-09-11,2026,36,ME 36/2026 (06/09 - 12/09),JOHOR,0,10830,2026-01-04,2026-09-11,2026-09-13T12:47:03.888684+08:00,retrospective_calculation
2026-09-11,2026,36,ME 36/2026 (06/09 - 12/09),NEGERI SEMBILAN,0,4323,2026-01-04,2026-09-11,2026-09-13T12:47:03.888684+08:00,retrospective_calculation
2026-09-11,2026,36,ME 36/2026 (06/09 - 12/09),SABAH,0,4112,2026-01-04,2026-09-11,2026-09-13T12:47:03.888684+08:00,retrospective_calculation
2026-09-11,2026,36,ME 36/2026 (06/09 - 12/09),PERAK,0,2074,2026-01-04,2026-09-11,2026-09-13T12:47:03.888684+08:00,retrospective_calculation
2026-09-11,2026,36,ME 36/2026 (06/09 - 12/09),KELANTAN,0,1538,2026-01-04,2026-09-11,2026-09-13T12:47:03.888684+08:00,retrospective_calculation
2026-09-11,2026,36,ME 36/2026 (06/09 - 12/09),PULAU PINANG,0,1063,2026-01-04,2026-09-11,2026-09-13T12:47:03.888684+08:00,retrospective_calculation
2026-09-11,2026,36,ME 36/2026 (06/09 - 12/09),PAHANG,0,766,2026-01-04,2026-09-11,2026-09-13T12:47:03.888684+08:00,retrospective_calculation
2026-09-11,2026,36,ME 36/2026 (06/09 - 12/09),SARAWAK,0,739,2026-01-04,2026-09-11,2026-09-13T12:47:03.888684+08:00,retrospective_calculation
2026-09-11,2026,36,ME 36/2026 (06/09 - 12/09),KEDAH,0,679,2026-01-04,2026-09-11,2026-09-13T12:47:03.888684+08:00,retrospective_calculation
2026-09-11,2026,36,ME 36/2026 (06/09 - 12/09),MELAKA,0,569,2026-01-04,2026-09-11,2026-09-13T12:47:03.888684+08:00,retrospective_calculation
2026-09-11,2026,36,ME 36/2026 (06/09 - 12/09),TERENGGANU,0,322,2026-01-04,2026-09-11,2026-09-13T12:47:03.888684+08:00,retrospective_calculation
2026-09-11,2026,36,ME 36/2026 (06/09 - 12/09),PERLIS,0,175,2026-01-04,2026-09-11,2026-09-13T12:47:03.888684+08:00,retrospective_calculation
2026-09-11,2026,36,ME 36/2026 (06/09 - 12/09),WILAYAH PERSEKUTUAN LABUAN,0,15,2026-01-04,2026-09-11,2026-09-13T12:47:03.888684+08:00,retrospective_calculation
2026-09-11,2026,36,ME 36/2026 (06/09 - 12/09),MALAYSIA,0,67758,2026-01-04,2026-09-11,2026-09-13T12:47:03.888684+08:00,retrospective_calculation
2026-09-12,2026,36,ME 36/2026 (06/09 - 12/09),SELANGOR,118,29011,2026-01-04,2026-09-12,2026-09-13T12:47:03.888684+08:00,idengue_official
2026-09-12,2026,36,ME 36/2026 (06/09 - 12/09),WILAYAH PERSEKUTUAN,49,11709,2026-01-04,2026-09-12,2026-09-13T12:47:03.888684+08:00,idengue_official
2026-09-12,2026,36,ME 36/2026 (06/09 - 12/09),JOHOR,63,10893,2026-01-04,2026-09-12,2026-09-13T12:47:03.888684+08:00,idengue_official
2026-09-12,2026,36,ME 36/2026 (06/09 - 12/09),NEGERI SEMBILAN,21,4344,2026-01-04,2026-09-12,2026-09-13T12:47:03.888684+08:00,idengue_official
2026-09-12,2026,36,ME 36/2026 (06/09 - 12/09),SABAH,12,4124,2026-01-04,2026-09-12,2026-09-13T12:47:03.888684+08:00,idengue_official
2026-09-12,2026,36,ME 36/2026 (06/09 - 12/09),PERAK,5,2079,2026-01-04,2026-09-12,2026-09-13T12:47:03.888684+08:00,idengue_official
2026-09-12,2026,36,ME 36/2026 (06/09 - 12/09),KELANTAN,5,1543,2026-01-04,2026-09-12,2026-09-13T12:47:03.888684+08:00,idengue_official
2026-09-12,2026,36,ME 36/2026 (06/09 - 12/09),PULAU PINANG,6,1069,2026-01-04,2026-09-12,2026-09-13T12:47:03.888684+08:00,idengue_official
2026-09-12,2026,36,ME 36/2026 (06/09 - 12/09),PAHANG,3,769,2026-01-04,2026-09-12,2026-09-13T12:47:03.888684+08:00,idengue_official
2026-09-12,2026,36,ME 36/2026 (06/09 - 12/09),SARAWAK,5,744,2026-01-04,2026-09-12,2026-09-13T12:47:03.888684+08:00,idengue_official
2026-09-12,2026,36,ME 36/2026 (06/09 - 12/09),KEDAH,0,679,2026-01-04,2026-09-12,2026-09-13T12:47:03.888684+08:00,idengue_official
2026-09-12,2026,36,ME 36/2026 (06/09 - 12/09),MELAKA,4,573,2026-01-04,2026-09-12,2026-09-13T12:47:03.888684+08:00,idengue_official
2026-09-12,2026,36,ME 36/2026 (06/09 - 12/09),TERENGGANU,3,325,2026-01-04,2026-09-12,2026-09-13T12:47:03.888684+08:00,idengue_official
2026-09-12,2026,36,ME 36/2026 (06/09 - 12/09),PERLIS,0,175,2026-01-04,2026-09-12,2026-09-13T12:47:03.888684+08:00,idengue_official
2026-09-12,2026,36,ME 36/2026 (06/09 - 12/09),WILAYAH PERSEKUTUAN LABUAN,0,15,2026-01-04,2026-09-12,2026-09-13T12:47:03.888684+08:00,idengue_official
2026-09-12,2026,36,ME 36/2026 (06/09 - 12/09),MALAYSIA,294,68052,2026-01-04,2026-09-12,2026-09-13T12:47:03.888684+08:00,idengue_official
2026-09-13,2026,37,ME 37/2026 (13/09 - 19/09),SELANGOR,106,29117,2026-01-04,2026-09-13,2026-09-14T08:16:12.095687+08:00,idengue_official
2026-09-13,2026,37,ME 37/2026 (13/09 - 19/09),WILAYAH PERSEKUTUAN,42,11751,2026-01-04,2026-09-13,2026-09-14T08:16:12.095687+08:00,idengue_official
2026-09-13,2026,37,ME 37/2026 (13/09 - 19/09),JOHOR,50,10943,2026-01-04,2026-09-13,2026-09-14T08:16:12.095687+08:00,idengue_official
2026-09-13,2026,37,ME 37/2026 (13/09 - 19/09),NEGERI SEMBILAN,23,4367,2026-01-04,2026-09-13,2026-09-14T08:16:12.095687+08:00,idengue_official
2026-09-13,2026,37,ME 37/2026 (13/09 - 19/09),SABAH,11,4135,2026-01-04,2026-09-13,2026-09-14T08:16:12.095687+08:00,idengue_official
2026-09-13,2026,37,ME 37/2026 (13/09 - 19/09),PERAK,10,2089,2026-01-04,2026-09-13,2026-09-14T08:16:12.095687+08:00,idengue_official
2026-09-13,2026,37,ME 37/2026 (13/09 - 19/09),KELANTAN,6,1549,2026-01-04,2026-09-13,2026-09-14T08:16:12.095687+08:00,idengue_official
2026-09-13,2026,37,ME 37/2026 (13/09 - 19/09),PULAU PINANG,7,1076,2026-01-04,2026-09-13,2026-09-14T08:16:12.095687+08:00,idengue_official
2026-09-13,2026,37,ME 37/2026 (13/09 - 19/09),PAHANG,2,771,2026-01-04,2026-09-13,2026-09-14T08:16:12.095687+08:00,idengue_official
2026-09-13,2026,37,ME 37/2026 (13/09 - 19/09),SARAWAK,6,750,2026-01-04,2026-09-13,2026-09-14T08:16:12.095687+08:00,idengue_official
2026-09-13,2026,37,ME 37/2026 (13/09 - 19/09),KEDAH,0,679,2026-01-04,2026-09-13,2026-09-14T08:16:12.095687+08:00,idengue_official
2026-09-13,2026,37,ME 37/2026 (13/09 - 19/09),MELAKA,0,573,2026-01-04,2026-09-13,2026-09-14T08:16:12.095687+08:00,idengue_official
2026-09-13,2026,37,ME 37/2026 (13/09 - 19/09),TERENGGANU,3,328,2026-01-04,2026-09-13,2026-09-14T08:16:12.095687+08:00,idengue_official
2026-09-13,2026,37,ME 37/2026 (13/09 - 19/09),PERLIS,0,175,2026-01-04,2026-09-13,2026-09-14T08:16:12.095687+08:00,idengue_official
2026-09-13,2026,37,ME 37/2026 (13/09 - 19/09),WILAYAH PERSEKUTUAN LABUAN,0,15,2026-01-04,2026-09-13,2026-09-14T08:16:12.095687+08:00,idengue_official
2026-09-13,2026,37,ME 37/2026 (13/09 - 19/09),MALAYSIA,266,68318,2026-01-04,2026-09-13,2026-09-14T08:16:12.095687+08:00,idengue_official
2026-09-14,2026,37,ME 37/2026 (13/09 - 19/09),SELANGOR,104,29337,2026-01-04,2026-09-14,2026-09-15T18:02:14.754448+08:00,idengue_official
2026-09-14,2026,37,ME 37/2026 (13/09 - 19/09),WILAYAH PERSEKUTUAN,26,11845,2026-01-04,2026-09-14,2026-09-15T18:02:14.754448+08:00,idengue_official
2026-09-14,2026,37,ME 37/2026 (13/09 - 19/09),JOHOR,57,11068,2026-01-04,2026-09-14,2026-09-15T18:02:14.754448+08:00,idengue_official
2026-09-14,2026,37,ME 37/2026 (13/09 - 19/09),NEGERI SEMBILAN,25,4413,2026-01-04,2026-09-14,2026-09-15T18:02:14.754448+08:00,idengue_official
2026-09-14,2026,37,ME 37/2026 (13/09 - 19/09),SABAH,15,4165,2026-01-04,2026-09-14,2026-09-15T18:02:14.754448+08:00,idengue_official
2026-09-14,2026,37,ME 37/2026 (13/09 - 19/09),PERAK,14,2112,2026-01-04,2026-09-14,2026-09-15T18:02:14.754448+08:00,idengue_official
2026-09-14,2026,37,ME 37/2026 (13/09 - 19/09),KELANTAN,10,1572,2026-01-04,2026-09-14,2026-09-15T18:02:14.754448+08:00,idengue_official
2026-09-14,2026,37,ME 37/2026 (13/09 - 19/09),PULAU PINANG,2,1084,2026-01-04,2026-09-14,2026-09-15T18:02:14.754448+08:00,idengue_official
2026-09-14,2026,37,ME 37/2026 (13/09 - 19/09),PAHANG,4,776,2026-01-04,2026-09-14,2026-09-15T18:02:14.754448+08:00,idengue_official
2026-09-14,2026,37,ME 37/2026 (13/09 - 19/09),SARAWAK,4,759,2026-01-04,2026-09-14,2026-09-15T18:02:14.754448+08:00,idengue_official
2026-09-14,2026,37,ME 37/2026 (13/09 - 19/09),KEDAH,2,682,2026-01-04,2026-09-14,2026-09-15T18:02:14.754448+08:00,idengue_official
2026-09-14,2026,37,ME 37/2026 (13/09 - 19/09),MELAKA,1,578,2026-01-04,2026-09-14,2026-09-15T18:02:14.754448+08:00,idengue_official
2026-09-14,2026,37,ME 37/2026 (13/09 - 19/09),TERENGGANU,8,345,2026-01-04,2026-09-14,2026-09-15T18:02:14.754448+08:00,idengue_official
2026-09-14,2026,37,ME 37/2026 (13/09 - 19/09),PERLIS,0,176,2026-01-04,2026-09-14,2026-09-15T18:02:14.754448+08:00,idengue_official
2026-09-14,2026,37,ME 37/2026 (13/09 - 19/09),WILAYAH PERSEKUTUAN LABUAN,0,15,2026-01-04,2026-09-14,2026-09-15T18:02:14.754448+08:00,idengue_official
2026-09-14,2026,37,ME 37/2026 (13/09 - 19/09),MALAYSIA,272,68927,2026-01-04,2026-09-14,2026-09-15T18:02:14.754448+08:00,idengue_official
2026-09-15,2026,37,ME 37/2026 (13/09 - 19/09),SELANGOR,134,29471,2026-01-04,2026-09-15,2026-09-16T17:53:47.475220+08:00,idengue_official
2026-09-15,2026,37,ME 37/2026 (13/09 - 19/09),WILAYAH PERSEKUTUAN,43,11888,2026-01-04,2026-09-15,2026-09-16T17:53:47.475220+08:00,idengue_official
2026-09-15,2026,37,ME 37/2026 (13/09 - 19/09),JOHOR,88,11156,2026-01-04,2026-09-15,2026-09-16T17:53:47.475220+08:00,idengue_official
2026-09-15,2026,37,ME 37/2026 (13/09 - 19/09),NEGERI SEMBILAN,29,4442,2026-01-04,2026-09-15,2026-09-16T17:53:47.475220+08:00,idengue_official
2026-09-15,2026,37,ME 37/2026 (13/09 - 19/09),SABAH,21,4186,2026-01-04,2026-09-15,2026-09-16T17:53:47.475220+08:00,idengue_official
2026-09-15,2026,37,ME 37/2026 (13/09 - 19/09),PERAK,13,2125,2026-01-04,2026-09-15,2026-09-16T17:53:47.475220+08:00,idengue_official
2026-09-15,2026,37,ME 37/2026 (13/09 - 19/09),KELANTAN,11,1583,2026-01-04,2026-09-15,2026-09-16T17:53:47.475220+08:00,idengue_official
2026-09-15,2026,37,ME 37/2026 (13/09 - 19/09),PULAU PINANG,5,1089,2026-01-04,2026-09-15,2026-09-16T17:53:47.475220+08:00,idengue_official
2026-09-15,2026,37,ME 37/2026 (13/09 - 19/09),PAHANG,3,779,2026-01-04,2026-09-15,2026-09-16T17:53:47.475220+08:00,idengue_official
2026-09-15,2026,37,ME 37/2026 (13/09 - 19/09),SARAWAK,6,765,2026-01-04,2026-09-15,2026-09-16T17:53:47.475220+08:00,idengue_official
2026-09-15,2026,37,ME 37/2026 (13/09 - 19/09),KEDAH,3,685,2026-01-04,2026-09-15,2026-09-16T17:53:47.475220+08:00,idengue_official
2026-09-15,2026,37,ME 37/2026 (13/09 - 19/09),MELAKA,5,583,2026-01-04,2026-09-15,2026-09-16T17:53:47.475220+08:00,idengue_official
2026-09-15,2026,37,ME 37/2026 (13/09 - 19/09),TERENGGANU,5,350,2026-01-04,2026-09-15,2026-09-16T17:53:47.475220+08:00,idengue_official
2026-09-15,2026,37,ME 37/2026 (13/09 - 19/09),PERLIS,0,176,2026-01-04,2026-09-15,2026-09-16T17:53:47.475220+08:00,idengue_official
2026-09-15,2026,37,ME 37/2026 (13/09 - 19/09),WILAYAH PERSEKUTUAN LABUAN,0,15,2026-01-04,2026-09-15,2026-09-16T17:53:47.475220+08:00,idengue_official
2026-09-15,2026,37,ME 37/2026 (13/09 - 19/09),MALAYSIA,366,69293,2026-01-04,2026-09-15,2026-09-16T17:53:47.475220+08:00,idengue_official
2026-09-16,2026,37,ME 37/2026 (13/09 - 19/09),SELANGOR,107,29578,2026-01-04,2026-09-16,2026-09-17T17:57:43.235252+08:00,idengue_official
2026-09-16,2026,37,ME 37/2026 (13/09 - 19/09),WILAYAH PERSEKUTUAN,38,11926,2026-01-04,2026-09-16,2026-09-17T17:57:43.235252+08:00,idengue_official
2026-09-16,2026,37,ME 37/2026 (13/09 - 19/09),JOHOR,70,11226,2026-01-04,2026-09-16,2026-09-17T17:57:43.235252+08:00,idengue_official
2026-09-16,2026,37,ME 37/2026 (13/09 - 19/09),NEGERI SEMBILAN,19,4461,2026-01-04,2026-09-16,2026-09-17T17:57:43.235252+08:00,idengue_official
2026-09-16,2026,37,ME 37/2026 (13/09 - 19/09),SABAH,11,4197,2026-01-04,2026-09-16,2026-09-17T17:57:43.235252+08:00,idengue_official
2026-09-16,2026,37,ME 37/2026 (13/09 - 19/09),PERAK,11,2136,2026-01-04,2026-09-16,2026-09-17T17:57:43.235252+08:00,idengue_official
2026-09-16,2026,37,ME 37/2026 (13/09 - 19/09),KELANTAN,12,1595,2026-01-04,2026-09-16,2026-09-17T17:57:43.235252+08:00,idengue_official
2026-09-16,2026,37,ME 37/2026 (13/09 - 19/09),PULAU PINANG,2,1091,2026-01-04,2026-09-16,2026-09-17T17:57:43.235252+08:00,idengue_official
2026-09-16,2026,37,ME 37/2026 (13/09 - 19/09),PAHANG,2,781,2026-01-04,2026-09-16,2026-09-17T17:57:43.235252+08:00,idengue_official
2026-09-16,2026,37,ME 37/2026 (13/09 - 19/09),SARAWAK,5,770,2026-01-04,2026-09-16,2026-09-17T17:57:43.235252+08:00,idengue_official
2026-09-16,2026,37,ME 37/2026 (13/09 - 19/09),KEDAH,3,688,2026-01-04,2026-09-16,2026-09-17T17:57:43.235252+08:00,idengue_official
2026-09-16,2026,37,ME 37/2026 (13/09 - 19/09),MELAKA,5,588,2026-01-04,2026-09-16,2026-09-17T17:57:43.235252+08:00,idengue_official
2026-09-16,2026,37,ME 37/2026 (13/09 - 19/09),TERENGGANU,7,357,2026-01-04,2026-09-16,2026-09-17T17:57:43.235252+08:00,idengue_official
2026-09-16,2026,37,ME 37/2026 (13/09 - 19/09),PERLIS,1,177,2026-01-04,2026-09-16,2026-09-17T17:57:43.235252+08:00,idengue_official
2026-09-16,2026,37,ME 37/2026 (13/09 - 19/09),WILAYAH PERSEKUTUAN LABUAN,0,15,2026-01-04,2026-09-16,2026-09-17T17:57:43.235252+08:00,idengue_official
2026-09-16,2026,37,ME 37/2026 (13/09 - 19/09),MALAYSIA,293,69586,2026-01-04,2026-09-16,2026-09-17T17:57:43.235252+08:00,idengue_official
